INSERT INTO `user` (`id`, `email`, `password`, `username`, `notif_like`, `notif_comment`, `notif_message`, `validated_account`, `reset_password`) VALUES
(1, 'geogeo@gmail.com', '74dfc2b27acfa364da55f93a5caee29ccad3557247eda238831b3e9bd931b01d77fe994e4f12b9d4cfa92a124461d2065197d8cf7f33fc88566da2db2a4d6eae', 'Geoffrey', 0, 0, 0, 'TRUE', 'b109f3bbbc244eb82441917ed06d618b9008dd09b3befd1b5e07394c706a8bb980b1d7785e5976ec049b46df5f1326af5a2ea6d103fd07c95385ffab0cacbc86'),
(2, 'admin@admin.fr', '74dfc2b27acfa364da55f93a5caee29ccad3557247eda238831b3e9bd931b01d77fe994e4f12b9d4cfa92a124461d2065197d8cf7f33fc88566da2db2a4d6eae', 'admin', 1, 1, 1, 'TRUE', 'b109f3bbbc244eb82441917ed06d618b9008dd09b3befd1b5e07394c706a8bb980b1d7785e5976ec049b46df5f1326af5a2ea6d103fd07c95385ffab0cacbc86'),
(4, 'toto@toto.fr', 'ebdd65977624e536a7ced5f67dc3a8aa9d2bb71f2dbf8684ec61bc7441ada8738984683fde5ef01d59e16e5d851b40a075effce8e33644ee86db484febbfbbea', 'toto', 0, 0, 0, 'TRUE', 'b109f3bbbc244eb82441917ed06d618b9008dd09b3befd1b5e07394c706a8bb980b1d7785e5976ec049b46df5f1326af5a2ea6d103fd07c95385ffab0cacbc86'),
(5, 'test@test.fr', 'b109f3bbbc244eb82441917ed06d618b9008dd09b3befd1b5e07394c706a8bb980b1d7785e5976ec049b46df5f1326af5a2ea6d103fd07c95385ffab0cacbc86', 'test', 0, 0, 0, 'TRUE', 'b109f3bbbc244eb82441917ed06d618b9008dd09b3befd1b5e07394c706a8bb980b1d7785e5976ec049b46df5f1326af5a2ea6d103fd07c95385ffab0cacbc86');
ALTER TABLE `user`
  MODIFY `id` int(11) NOT NULL AUTO_INCREMENT, AUTO_INCREMENT=39;

INSERT INTO `comments` (`id`, `id_media`, `id_user`, `comment`, `date`) VALUES
(18, 239, 2, 'Helllo', '2018-10-24 15:54:44'),
(19, 239, 2, 'qsdg', '2018-10-24 15:55:33'),
(20, 239, 2, 'qsdf', '2018-10-24 15:55:36'),
(21, 239, 2, 'uytufygukhjkhbkv ytfuygiuhjlknhjg fuygihoijlknkhbjkgh ugyiuhoij yfughij hgfghkj hg fghj\r\n', '2018-10-24 15:55:46'),
(22, 239, 2, 'qsdf', '2018-10-24 15:58:38'),
(23, 239, 2, 'qsdg', '2018-10-24 16:00:31'),
(24, 239, 2, 'BR<br><br><br><br><br>BR', '2018-10-24 16:01:36'),
(25, 239, 2, '</section></body>', '2018-10-24 16:01:46'),
(26, 238, 2, 'sdfgh', '2018-10-24 16:12:19'),
(27, 238, 2, 'Wow....', '2018-10-24 16:12:25'),
(28, 238, 2, 'You want more <br> ?', '2018-10-24 16:12:39'),
(29, 238, 2, 'qsdf', '2018-10-24 16:53:52'),
(30, 238, 2, 'héhéhéhé', '2018-10-24 16:54:14'),
(31, 238, 2, 'hohoh:w\r\n', '2018-10-24 16:54:25'),
(32, 238, 2, 'New comment', '2018-10-24 16:58:31'),
(33, 238, 2, 'New comment', '2018-10-24 16:59:02'),
(34, 239, 1, 'Hello', '2018-10-24 20:28:59'),
(39, 255, 1, 'Hello tout le monde', '2018-10-26 14:55:22'),
(40, 255, 2, 'Tres long comment genre lorem ipsum que je ne sait pas quoi ecrire mais peut etre que zappa est un exelent artiste', '2018-10-27 13:58:08'),
(41, 260, 2, 'Hello', '2018-10-27 14:49:48'),
(42, 260, 2, 'salut', '2018-10-27 14:49:52'),
(44, 260, 2, 'yoho', '2018-10-27 14:50:01'),
(45, 281, 2, 'Hello', '2018-10-30 16:40:54'),
(47, 281, 2, 'Jolie photo', '2018-10-30 16:41:09'),
(48, 276, 2, 'Hello', '2018-10-30 16:59:27'),
(50, 276, 2, 'Salut', '2018-10-30 16:59:59'),
(53, 276, 2, 'erqdsygtfzeQ', '2018-10-30 17:02:32'),
(54, 281, 2, 'Salut', '2018-10-30 17:06:43'),
(55, 172, 2, 'Hello\r\n', '2018-10-30 19:02:35'),
(56, 284, 2, 'Joli chien', '2018-10-30 23:18:49');
ALTER TABLE `comments`
  MODIFY `id` int(11) NOT NULL AUTO_INCREMENT, AUTO_INCREMENT=57;

INSERT INTO `likes` (`id`, `id_media`, `id_user`, `grade`) VALUES
(13, 221, 2, 4),
(14, 220, 2, 10),
(15, 223, 2, 0),
(16, 224, 2, 2),
(17, 222, 2, 9),
(18, 199, 2, 5),
(19, 198, 2, 5),
(20, 224, 1, 10),
(21, 221, 1, 10),
(22, 222, 1, 10),
(23, 220, 1, 10),
(24, 219, 1, 10),
(25, 218, 1, 10),
(26, 217, 1, 1),
(27, 35, 1, 10),
(28, 36, 1, 10),
(29, 166, 1, 10),
(30, 227, 2, 1),
(31, 228, 2, 2),
(32, 226, 2, 6),
(33, 231, 1, 1),
(34, 225, 1, 10),
(35, 206, 1, 10),
(36, 231, 2, 6),
(37, 237, 2, 6),
(38, 189, 2, 10),
(39, 225, 2, 1),
(40, 239, 2, 10),
(41, 238, 2, 9),
(42, 236, 2, 5),
(43, 241, 1, 6),
(44, 241, 2, 9),
(45, 128, 2, 5),
(47, 23, 2, 4),
(48, 215, 2, 4),
(49, 227, 1, 6),
(50, 226, 1, 10),
(51, 253, 2, 10),
(52, 250, 2, 1),
(53, 255, 2, 10),
(54, 248, 2, 7),
(56, 240, 2, 5),
(57, 169, 2, 10),
(58, 164, 2, 10),
(59, 251, 2, 3),
(60, 232, 2, 5),
(61, 260, 2, 5),
(62, 259, 2, 4),
(63, 254, 2, 2),
(64, 185, 2, 6),
(65, 256, 2, 6),
(68, 233, 2, 6),
(69, 234, 2, 10),
(70, 262, 2, 6),
(71, 273, 2, 7),
(72, 265, 2, 6),
(73, 277, 2, 10),
(74, 281, 2, 6),
(75, 283, 2, 5),
(76, 276, 2, 8),
(77, 280, 2, 9),
(78, 275, 2, 9),
(79, 209, 2, 7),
(80, 210, 2, 5),
(81, 205, 2, 6),
(82, 172, 2, 3),
(83, 284, 2, 8),
(84, 278, 2, 10),
(85, 83, 2, 5),
(86, 279, 2, 10),
(87, 284, 5, 9),
(88, 306, 2, 5),
(89, 306, 5, 7),
(90, 306, 1, 8);
ALTER TABLE `likes`
  MODIFY `id` int(11) NOT NULL AUTO_INCREMENT, AUTO_INCREMENT=91;

INSERT INTO `media` (`id`, `id_user`, `date`) VALUES
(1, 1, '2017-09-19 00:32:53'),
(12, 1, '2011-09-19 00:48:16'),
(13, 1, '2018-09-19 00:48:19'),
(14, 1, '2018-09-19 00:48:21'),
(15, 1, '2018-09-19 00:59:42'),
(16, 1, '2018-09-19 00:59:44'),
(17, 1, '2018-09-19 00:59:46'),
(18, 1, '2018-09-19 00:59:48'),
(19, 1, '2018-09-19 00:59:50'),
(20, 1, '2018-09-19 00:59:52'),
(21, 1, '2018-09-19 10:26:33'),
(22, 1, '2018-09-19 10:31:53'),
(23, 2, '2018-09-19 11:31:28'),
(24, 2, '2018-09-19 11:33:50'),
(25, 2, '2018-09-19 13:22:24'),
(26, 2, '2018-09-19 13:29:32'),
(27, 1, '2018-09-19 13:35:07'),
(28, 2, '2018-09-19 13:37:00'),
(29, 2, '2018-09-19 13:37:41'),
(30, 2, '2018-09-19 21:45:13'),
(31, 2, '2018-09-19 21:46:28'),
(32, 2, '2018-09-19 21:52:51'),
(34, 2, '2018-09-19 22:06:11'),
(35, 2, '2018-09-19 22:07:52'),
(36, 2, '2018-09-19 22:08:22'),
(37, 2, '2018-09-20 10:15:45'),
(38, 2, '2018-09-21 11:20:08'),
(39, 2, '2018-09-21 11:27:11'),
(40, 1, '2018-09-21 14:59:30'),
(41, 2, '2018-09-22 18:53:13'),
(42, 2, '2018-09-22 18:53:36'),
(43, 2, '2018-09-25 15:10:20'),
(49, 2, '2018-09-25 15:16:22'),
(50, 2, '2018-09-25 15:18:35'),
(52, 2, '2018-09-25 15:49:35'),
(53, 2, '2018-09-25 16:40:15'),
(54, 2, '2018-09-25 16:40:17'),
(55, 2, '2018-09-25 16:40:19'),
(56, 2, '2018-09-25 16:40:22'),
(57, 2, '2018-09-25 16:40:23'),
(60, 2, '2018-09-25 17:33:41'),
(61, 2, '2018-09-25 17:44:15'),
(62, 2, '2018-09-25 17:50:56'),
(63, 2, '2018-09-25 17:50:57'),
(66, 2, '2018-09-25 18:41:29'),
(67, 2, '2018-09-25 19:08:35'),
(68, 2, '2018-09-25 19:10:03'),
(69, 2, '2018-09-27 13:43:52'),
(70, 2, '2018-09-27 13:48:22'),
(72, 2, '2018-09-27 23:32:22'),
(73, 2, '2018-09-27 23:32:36'),
(74, 2, '2018-09-27 23:38:47'),
(75, 2, '2018-09-27 23:49:12'),
(76, 2, '2018-09-28 16:25:32'),
(77, 2, '2018-09-28 16:35:14'),
(78, 2, '2018-10-01 14:16:58'),
(80, 2, '2018-10-01 18:13:32'),
(81, 2, '2018-10-01 23:13:52'),
(82, 2, '2018-10-01 23:16:41'),
(83, 2, '2018-10-01 23:16:59'),
(84, 2, '2018-10-01 23:17:00'),
(85, 2, '2018-10-01 23:45:53'),
(86, 2, '2018-10-01 23:56:51'),
(87, 2, '2018-10-01 23:57:31'),
(88, 2, '2018-10-02 00:06:40'),
(89, 2, '2018-10-02 00:06:51'),
(90, 2, '2018-10-02 00:11:37'),
(91, 2, '2018-10-02 00:11:44'),
(92, 2, '2018-10-02 00:22:20'),
(93, 2, '2018-10-02 00:22:28'),
(94, 2, '2018-10-02 00:49:48'),
(95, 2, '2018-10-02 00:49:58'),
(96, 2, '2018-10-02 00:50:02'),
(97, 2, '2018-10-02 00:51:38'),
(98, 2, '2018-10-02 01:01:37'),
(99, 2, '2018-10-02 01:03:10'),
(100, 2, '2018-10-02 01:04:15'),
(101, 2, '2018-10-02 10:07:07'),
(102, 2, '2018-10-02 10:29:17'),
(103, 2, '2018-10-02 11:21:59'),
(104, 2, '2018-10-02 11:22:31'),
(105, 2, '2018-10-02 11:23:18'),
(106, 2, '2018-10-02 11:24:30'),
(107, 2, '2018-10-02 11:29:57'),
(108, 2, '2018-10-02 11:30:49'),
(109, 2, '2018-10-02 11:32:40'),
(110, 2, '2018-10-02 11:32:59'),
(111, 2, '2018-10-02 11:33:10'),
(112, 2, '2018-10-02 11:34:21'),
(113, 2, '2018-10-02 11:35:42'),
(114, 2, '2018-10-02 11:36:32'),
(115, 2, '2018-10-02 11:37:11'),
(116, 2, '2018-10-02 11:37:32'),
(117, 2, '2018-10-02 11:39:08'),
(118, 2, '2018-10-02 11:39:31'),
(130, 2, '2018-10-02 17:44:54'),
(131, 2, '2018-10-02 17:45:22'),
(132, 2, '2018-10-02 17:45:54'),
(134, 2, '2018-10-02 17:46:37'),
(135, 2, '2018-10-04 13:48:46'),
(136, 2, '2018-10-04 13:48:57'),
(137, 2, '2018-10-04 13:48:59'),
(138, 2, '2018-10-04 13:49:02'),
(139, 2, '2018-10-04 13:50:08'),
(140, 2, '2018-10-04 13:54:07'),
(141, 2, '2018-10-04 13:57:59'),
(142, 2, '2018-10-04 13:58:45'),
(143, 2, '2018-10-04 14:27:12'),
(144, 2, '2018-10-04 14:27:44'),
(145, 2, '2018-10-04 14:27:53'),
(146, 2, '2018-10-04 14:28:30'),
(147, 2, '2018-10-04 16:13:35'),
(148, 2, '2018-10-05 14:40:40'),
(149, 2, '2018-10-05 14:41:36'),
(150, 2, '2018-10-05 14:42:21'),
(151, 2, '2018-10-05 15:01:46'),
(152, 2, '2018-10-05 15:21:48'),
(153, 2, '2018-10-05 15:21:57'),
(154, 2, '2018-10-05 15:21:58'),
(155, 2, '2018-10-05 15:24:22'),
(156, 2, '2018-10-05 15:24:24'),
(157, 2, '2018-10-05 16:22:22'),
(158, 2, '2018-10-05 16:25:51'),
(159, 2, '2018-10-05 22:18:51'),
(160, 2, '2018-10-05 22:58:47'),
(161, 2, '2018-10-05 23:04:41'),
(162, 2, '2018-10-05 23:12:37'),
(163, 2, '2018-10-05 23:13:25'),
(164, 2, '2018-10-05 23:25:34'),
(166, 2, '2018-10-09 18:07:35'),
(167, 2, '2018-10-14 14:50:16'),
(168, 2, '2018-10-14 14:50:44'),
(169, 2, '2018-10-14 14:51:38'),
(170, 2, '2018-10-14 14:51:39'),
(171, 2, '2018-10-14 14:51:52'),
(172, 2, '2018-10-14 14:52:03'),
(173, 2, '2018-10-14 14:52:03'),
(174, 2, '2018-10-14 14:52:04'),
(175, 2, '2018-10-15 17:14:16'),
(179, 2, '2018-10-18 17:53:49'),
(180, 2, '2018-10-18 18:18:14'),
(181, 2, '2018-10-18 18:18:24'),
(182, 2, '2018-10-19 19:41:55'),
(183, 2, '2018-10-19 19:42:11'),
(184, 2, '2018-10-19 19:42:25'),
(185, 2, '2018-10-19 19:43:24'),
(186, 2, '2018-10-19 19:43:35'),
(187, 2, '2018-10-19 19:43:40'),
(188, 2, '2018-10-19 19:43:47'),
(189, 2, '2018-10-19 19:43:50'),
(190, 2, '2018-10-19 19:44:00'),
(191, 2, '2018-10-19 19:44:49'),
(192, 2, '2018-10-19 19:44:52'),
(193, 2, '2018-10-19 19:44:54'),
(194, 2, '2018-10-19 19:44:56'),
(195, 2, '2018-10-19 19:46:06'),
(196, 2, '2018-10-19 19:46:11'),
(197, 2, '2018-10-19 19:46:49'),
(198, 2, '2018-10-19 19:47:47'),
(199, 2, '2018-10-19 19:49:42'),
(200, 2, '2018-10-19 19:50:07'),
(201, 2, '2018-10-19 19:50:10'),
(202, 2, '2018-10-19 19:50:12'),
(203, 2, '2018-10-19 19:50:14'),
(204, 2, '2018-10-19 19:51:31'),
(205, 2, '2018-10-19 19:51:34'),
(206, 2, '2018-10-19 19:51:45'),
(207, 2, '2018-10-19 19:51:49'),
(209, 2, '2018-10-19 19:51:53'),
(210, 2, '2018-10-20 01:41:11'),
(211, 2, '2018-10-20 01:41:22'),
(212, 2, '2018-10-20 01:41:30'),
(213, 2, '2018-10-20 01:41:43'),
(214, 2, '2018-10-20 01:42:04'),
(215, 2, '2018-10-20 01:42:52'),
(217, 2, '2018-10-20 01:43:33'),
(218, 2, '2018-10-20 01:55:46'),
(219, 2, '2018-10-20 01:55:57'),
(220, 2, '2018-10-20 01:56:16'),
(221, 2, '2018-10-21 15:36:39'),
(222, 2, '2018-10-21 15:36:54'),
(223, 2, '2018-10-21 15:41:15'),
(224, 2, '2018-10-22 16:59:50'),
(225, 2, '2018-10-23 18:54:30'),
(226, 2, '2018-10-23 18:54:44'),
(227, 2, '2018-10-23 18:54:50'),
(228, 2, '2018-10-23 18:54:58'),
(231, 1, '2018-10-23 23:50:14'),
(232, 1, '2018-10-24 01:39:11'),
(233, 1, '2018-10-24 01:39:48'),
(234, 1, '2018-10-24 01:40:13'),
(235, 1, '2018-10-24 01:40:17'),
(236, 1, '2018-10-24 01:40:34'),
(237, 1, '2018-10-24 01:40:57'),
(238, 1, '2018-10-24 02:08:11'),
(239, 1, '2018-10-24 02:09:12'),
(240, 2, '2018-10-24 18:11:35'),
(241, 2, '2018-10-24 18:12:39'),
(242, 2, '2018-10-26 13:49:52'),
(248, 2, '2018-10-26 13:53:59'),
(249, 2, '2018-10-26 13:56:09'),
(250, 2, '2018-10-26 13:56:27'),
(251, 2, '2018-10-26 14:00:51'),
(253, 2, '2018-10-26 14:03:15'),
(254, 2, '2018-10-26 14:03:24'),
(255, 2, '2018-10-26 14:39:32'),
(256, 2, '2018-10-26 20:38:56'),
(259, 1, '2018-10-27 00:00:02'),
(260, 1, '2018-10-27 00:00:24'),
(261, 1, '2018-10-27 01:53:51'),
(262, 2, '2018-10-27 15:21:25'),
(265, 2, '2018-10-27 15:56:37'),
(267, 1, '2018-10-29 20:52:32'),
(268, 1, '2018-10-29 20:52:42'),
(269, 1, '2018-10-29 20:52:49'),
(270, 1, '2018-10-29 20:53:08'),
(271, 1, '2018-10-29 20:53:16'),
(272, 1, '2018-10-29 20:53:21'),
(273, 1, '2018-10-29 20:54:13'),
(274, 1, '2018-10-29 20:55:01'),
(275, 1, '2018-10-29 20:55:22'),
(276, 1, '2018-10-29 20:55:56'),
(277, 1, '2018-10-29 20:56:16'),
(278, 1, '2018-10-29 20:58:07'),
(279, 1, '2018-10-29 20:58:55'),
(280, 1, '2018-10-29 20:59:23'),
(281, 1, '2018-10-29 20:59:28'),
(283, 1, '2018-10-29 21:02:31'),
(284, 2, '2018-10-30 19:36:36'),
(287, 2, '2018-10-31 00:59:45'),
(297, 2, '2018-10-31 19:50:56'),
(298, 2, '2018-10-31 19:51:05'),
(299, 2, '2018-10-31 19:51:12'),
(301, 2, '2018-10-31 19:51:55'),
(304, 2, '2018-10-31 21:22:29'),
(305, 2, '2018-10-31 21:26:38'),
(306, 2, '2018-10-31 23:15:39');
ALTER TABLE `media`
  MODIFY `id` int(11) NOT NULL AUTO_INCREMENT, AUTO_INCREMENT=307;

